﻿{"cameraMode":{"drawMode":0,"name":"Shaded","section":"Shading Mode"},"sceneLighting":true,"audioPlay":false,"sceneViewState":{"showFog":true,"showMaterialUpdate":false,"showSkybox":true,"showFlares":true,"showImageEffects":true,"showParticleSystems":true},"in2DMode":false,"pivot":{"x":176.972412109375,"y":26.61273193359375,"z":164.4939727783203},"rotation":{"x":-0.304084837436676,"y":-0.011431730352342129,"z":0.003649226389825344,"w":-0.9525694251060486},"size":311.1931457519531,"orthographic":false}